id,@id,@relations,admin_level,admin_type:FR,alt_name,alt_name:fr,alt_name:oc,boundary,name,name:br,name:en,name:fr,name:oc,place,population,population:date,postal_code,ref:INSEE,source:name:oc,source:population,type,wikidata,wikipedia,arr_name,area_km2,arrets_total,densite_km2,bus,tram,metro,indice,indice_norm
relation/76091,relation/76091,,9,arrondissement municipal,Marseille 01,Marseille 01,Marselha 01,administrative,Marseille 1er Arrondissement,1añ arondisamant,1st Arrondissement,1er Arrondissement,Arrondiment 1r,suburb,39436,2021,13001,13201,ieo-bdtopoc,INSEE 2024,boundary,Q161732,fr:1er arrondissement de Marseille,Marseille 1er Arrondissement,1.8118792841040363,85.0,46.913,60.0,17.0,8.0,211.826,39.28
relation/76098,relation/76098,,9,arrondissement municipal,Marseille 02,Marseille 02,Marselha 02,administrative,Marseille 2e Arrondissement,2l arondisamant,2nd Arrondissement,2e Arrondissement,Arrondiment 2d,suburb,23627,2021,13002,13202,ieo-bdtopoc,INSEE 2024,boundary,Q209524,fr:2e arrondissement de Marseille,Marseille 2e Arrondissement,5.104184546280451,99.0,19.396,81.0,10.0,8.0,163.792,19.19
relation/76105,relation/76105,,9,arrondissement municipal,Marseille 03,Marseille 03,Marselha 03,administrative,Marseille 3e Arrondissement,3e arondisamant,3rd Arrondissement,3e Arrondissement,Arrondiment 3n,suburb,53115,2021,13003,13203,ieo-bdtopoc,INSEE 2024,boundary,Q223135,fr:3e arrondissement de Marseille,Marseille 3e Arrondissement,2.553099488147668,79.0,30.943,75.0,0.0,4.0,148.886,12.95
relation/76119,relation/76119,,9,arrondissement municipal,Marseille 04,Marseille 04,Marselha 04,administrative,Marseille 4e Arrondissement,4e arondisamant,4th Arrondissement,4e Arrondissement,Arrondiment 4n,suburb,50068,2021,13004,13204,ieo-bdtopoc,INSEE 2024,boundary,Q230094,fr:4e arrondissement de Marseille,Marseille 4e Arrondissement,2.8834933722854017,108.0,37.455,92.0,10.0,6.0,204.91,36.39
relation/76178,relation/76178,,9,arrondissement municipal,Marseille 05,Marseille 05,Marselha 05,administrative,Marseille 5e Arrondissement,5vet arondisamant,5th Arrondissement,5e Arrondissement,Arrondiment 5n,suburb,45449,2021,13005,13205,ieo-bdtopoc,INSEE 2024,boundary,Q238661,fr:5e arrondissement de Marseille,Marseille 5e Arrondissement,2.1900321097066255,59.0,26.94,40.0,13.0,6.0,137.88,8.35
relation/76190,relation/76190,,9,arrondissement municipal,Marseille 06,Marseille 06,Marselha 06,administrative,Marseille 6e Arrondissement,6vet arondisamant,6th Arrondissement,6e Arrondissement,Arrondiment 6n,suburb,39647,2021,13006,13206,ieo-bdtopoc,INSEE 2024,boundary,Q245537,fr:6e arrondissement de Marseille,Marseille 6e Arrondissement,2.0591624718788557,85.0,41.279,71.0,6.0,8.0,189.558,29.97
relation/76217,relation/76217,,9,arrondissement municipal,Marseille 07,Marseille 07,Marselha 07,administrative,Marseille 7e Arrondissement,7vet arondisamant,7th Arrondissement,7e Arrondissement,Arrondiment 7n,suburb,34633,2021,13007,13207,ieo-bdtopoc,INSEE 2024,boundary,Q259408,fr:7e arrondissement de Marseille,Marseille 7e Arrondissement,5.889824109355469,120.0,20.374,120.0,0.0,0.0,160.748,17.92
relation/76282,relation/76282,,9,arrondissement municipal,Marseille 08,Marseille 08,Marselha 08,administrative,Marseille 8e Arrondissement,8vet arondisamant,8th Arrondissement,8e Arrondissement,Arrondiment 8n,suburb,82609,2021,13008,13208,ieo-bdtopoc,INSEE 2024,boundary,Q270211,fr:8e arrondissement de Marseille,Marseille 8e Arrondissement,20.7739168435518,223.0,10.735,219.0,0.0,4.0,252.47,56.29
relation/76337,relation/76337,,9,arrondissement municipal,Marseille 09,Marseille 09,Marselha 09,administrative,Marseille 9e Arrondissement,9vet arondisamant,9th Arrondissement,9e Arrondissement,Arrondiment 9n,suburb,77106,2021,13009,13209,ieo-bdtopoc,INSEE 2024,boundary,Q275105,fr:9e arrondissement de Marseille,Marseille 9e Arrondissement,63.361137294377635,249.0,3.93,247.0,0.0,2.0,260.86,59.79
relation/76349,relation/76349,,9,arrondissement municipal,Marseille 10,Marseille 10,Marselha 10,administrative,Marseille 10e Arrondissement,10vet arondisamant,10th Arrondissement,10e Arrondissement,Arrondiment 10n,suburb,59002,2021,13010,13210,ieo-bdtopoc,INSEE 2024,boundary,Q163932,fr:10e arrondissement de Marseille,Marseille 10e Arrondissement,10.795221937300388,135.0,12.506,135.0,0.0,0.0,160.012,17.61
relation/76375,relation/76375,,9,arrondissement municipal,Marseille 11,Marseille 11,Marselha 11,administrative,Marseille 11e Arrondissement,11vet arondisamant,11th Arrondissement,11e Arrondissement,Arrondiment 11n,suburb,57924,2021,13011,13211,ieo-bdtopoc,INSEE 2024,boundary,Q169256,fr:11e arrondissement de Marseille,Marseille 11e Arrondissement,33.43049465985329,199.0,5.953,195.0,4.0,0.0,214.906,40.57
relation/76382,relation/76382,,9,arrondissement municipal,Marseille 12,Marseille 12,Marselha 12,administrative,Marseille 12e Arrondissement,12vet arondisamant,12th Arrondissement,12e Arrondissement,Arrondiment 12n,suburb,63108,2021,13012,13212,ieo-bdtopoc,INSEE 2024,boundary,Q1269245,fr:12e arrondissement de Marseille,Marseille 12e Arrondissement,14.021125789862454,244.0,17.402,231.0,8.0,5.0,296.804,74.83
relation/76399,relation/76399,,9,arrondissement municipal,Marseille 13,Marseille 13,Marselha 13,administrative,Marseille 13e Arrondissement,13vet arondisamant,13th Arrondissement,13e Arrondissement,Arrondiment 13n,suburb,92261,2021,13013,13213,ieo-bdtopoc,INSEE 2024,boundary,Q175110,fr:13e arrondissement de Marseille,Marseille 13e Arrondissement,28.0346074943639,322.0,11.486,316.0,0.0,6.0,356.972,100.0
relation/76403,relation/76403,,9,arrondissement municipal,Marseille 14,Marseille 14,Marselha 14,administrative,Marseille 14e Arrondissement,14vet arondisamant,14th Arrondissement,14e Arrondissement,Arrondiment 14n,suburb,59948,2021,13014,13214,ieo-bdtopoc,INSEE 2024,boundary,Q187112,fr:14e arrondissement de Marseille,Marseille 14e Arrondissement,16.381924300132077,206.0,12.575,204.0,0.0,2.0,235.15,49.04
relation/76409,relation/76409,,9,arrondissement municipal,Marseille 15,Marseille 15,Marselha 15,administrative,Marseille 15e Arrondissement,15vet arondisamant,15th Arrondissement,15e Arrondissement,Arrondiment 15n,suburb,79656,2021,13015,13215,ieo-bdtopoc,INSEE 2024,boundary,Q191054,fr:15e arrondissement de Marseille,Marseille 15e Arrondissement,16.868647158730038,227.0,13.457,225.0,0.0,2.0,257.914,58.56
relation/76421,relation/76421,,9,arrondissement municipal,Marseille 16,Marseille 16,Marselha 16,administrative,Marseille 16e Arrondissement,16vet arondisamant,16th Arrondissement,16e Arrondissement,Arrondiment 16n,suburb,15487,2021,13016,13216,ieo-bdtopoc,INSEE 2024,boundary,Q194401,fr:16e arrondissement de Marseille,Marseille 16e Arrondissement,16.256092504647025,105.0,6.459,105.0,0.0,0.0,117.918,0.0
node/2492498805,node/2492498805,"[ { ""role"": ""admin_centre"", ""rel"": 76349, ""reltags"": { ""admin_level"": ""9"", ""admin_type:FR"": ""arrondissement municipal"", ""alt_name"": ""Marseille 10"", ""alt_name:fr"": ""Marseille 10"", ""alt_name:oc"": ""Marselha 10"", ""boundary"": ""administrative"", ""name"": ""Marseille 10e Arrondissement"", ""name:br"": ""10vet arondisamant"", ""name:en"": ""10th Arrondissement"", ""name:fr"": ""10e Arrondissement"", ""name:oc"": ""Arrondiment 10n"", ""place"": ""suburb"", ""population"": ""59002"", ""population:date"": ""2021"", ""postal_code"": ""13010"", ""ref:INSEE"": ""13210"", ""source:name:oc"": ""ieo-bdtopoc"", ""source:population"": ""INSEE 2024"", ""type"": ""boundary"", ""wikidata"": ""Q163932"", ""wikipedia"": ""fr:10e arrondissement de Marseille"" } } ]",,,,,,,,,,,,,,,,,,,,,,None,0.0,,,,,,,
node/2492498811,node/2492498811,"[ { ""role"": ""admin_centre"", ""rel"": 76375, ""reltags"": { ""admin_level"": ""9"", ""admin_type:FR"": ""arrondissement municipal"", ""alt_name"": ""Marseille 11"", ""alt_name:fr"": ""Marseille 11"", ""alt_name:oc"": ""Marselha 11"", ""boundary"": ""administrative"", ""name"": ""Marseille 11e Arrondissement"", ""name:br"": ""11vet arondisamant"", ""name:en"": ""11th Arrondissement"", ""name:fr"": ""11e Arrondissement"", ""name:oc"": ""Arrondiment 11n"", ""place"": ""suburb"", ""population"": ""57924"", ""population:date"": ""2021"", ""postal_code"": ""13011"", ""ref:INSEE"": ""13211"", ""source:name:oc"": ""ieo-bdtopoc"", ""source:population"": ""INSEE 2024"", ""type"": ""boundary"", ""wikidata"": ""Q169256"", ""wikipedia"": ""fr:11e arrondissement de Marseille"" } } ]",,,,,,,,,,,,,,,,,,,,,,None,0.0,,,,,,,
node/2492498815,node/2492498815,"[ { ""role"": ""admin_centre"", ""rel"": 76382, ""reltags"": { ""admin_level"": ""9"", ""admin_type:FR"": ""arrondissement municipal"", ""alt_name"": ""Marseille 12"", ""alt_name:fr"": ""Marseille 12"", ""alt_name:oc"": ""Marselha 12"", ""boundary"": ""administrative"", ""name"": ""Marseille 12e Arrondissement"", ""name:br"": ""12vet arondisamant"", ""name:en"": ""12th Arrondissement"", ""name:fr"": ""12e Arrondissement"", ""name:oc"": ""Arrondiment 12n"", ""place"": ""suburb"", ""population"": ""63108"", ""population:date"": ""2021"", ""postal_code"": ""13012"", ""ref:INSEE"": ""13212"", ""source:name:oc"": ""ieo-bdtopoc"", ""source:population"": ""INSEE 2024"", ""type"": ""boundary"", ""wikidata"": ""Q1269245"", ""wikipedia"": ""fr:12e arrondissement de Marseille"" } } ]",,,,,,,,,,,,,,,,,,,,,,None,0.0,,,,,,,
node/2492498821,node/2492498821,"[ { ""role"": ""admin_centre"", ""rel"": 76399, ""reltags"": { ""admin_level"": ""9"", ""admin_type:FR"": ""arrondissement municipal"", ""alt_name"": ""Marseille 13"", ""alt_name:fr"": ""Marseille 13"", ""alt_name:oc"": ""Marselha 13"", ""boundary"": ""administrative"", ""name"": ""Marseille 13e Arrondissement"", ""name:br"": ""13vet arondisamant"", ""name:en"": ""13th Arrondissement"", ""name:fr"": ""13e Arrondissement"", ""name:oc"": ""Arrondiment 13n"", ""place"": ""suburb"", ""population"": ""92261"", ""population:date"": ""2021"", ""postal_code"": ""13013"", ""ref:INSEE"": ""13213"", ""source:name:oc"": ""ieo-bdtopoc"", ""source:population"": ""INSEE 2024"", ""type"": ""boundary"", ""wikidata"": ""Q175110"", ""wikipedia"": ""fr:13e arrondissement de Marseille"" } } ]",,,,,,,,,,,,,,,,,,,,,,None,0.0,,,,,,,
node/2492498826,node/2492498826,"[ { ""role"": ""admin_centre"", ""rel"": 76403, ""reltags"": { ""admin_level"": ""9"", ""admin_type:FR"": ""arrondissement municipal"", ""alt_name"": ""Marseille 14"", ""alt_name:fr"": ""Marseille 14"", ""alt_name:oc"": ""Marselha 14"", ""boundary"": ""administrative"", ""name"": ""Marseille 14e Arrondissement"", ""name:br"": ""14vet arondisamant"", ""name:en"": ""14th Arrondissement"", ""name:fr"": ""14e Arrondissement"", ""name:oc"": ""Arrondiment 14n"", ""place"": ""suburb"", ""population"": ""59948"", ""population:date"": ""2021"", ""postal_code"": ""13014"", ""ref:INSEE"": ""13214"", ""source:name:oc"": ""ieo-bdtopoc"", ""source:population"": ""INSEE 2024"", ""type"": ""boundary"", ""wikidata"": ""Q187112"", ""wikipedia"": ""fr:14e arrondissement de Marseille"" } } ]",,,,,,,,,,,,,,,,,,,,,,None,0.0,,,,,,,
node/2492498830,node/2492498830,"[ { ""role"": ""admin_centre"", ""rel"": 76409, ""reltags"": { ""admin_level"": ""9"", ""admin_type:FR"": ""arrondissement municipal"", ""alt_name"": ""Marseille 15"", ""alt_name:fr"": ""Marseille 15"", ""alt_name:oc"": ""Marselha 15"", ""boundary"": ""administrative"", ""name"": ""Marseille 15e Arrondissement"", ""name:br"": ""15vet arondisamant"", ""name:en"": ""15th Arrondissement"", ""name:fr"": ""15e Arrondissement"", ""name:oc"": ""Arrondiment 15n"", ""place"": ""suburb"", ""population"": ""79656"", ""population:date"": ""2021"", ""postal_code"": ""13015"", ""ref:INSEE"": ""13215"", ""source:name:oc"": ""ieo-bdtopoc"", ""source:population"": ""INSEE 2024"", ""type"": ""boundary"", ""wikidata"": ""Q191054"", ""wikipedia"": ""fr:15e arrondissement de Marseille"" } } ]",,,,,,,,,,,,,,,,,,,,,,None,0.0,,,,,,,
node/2492498835,node/2492498835,"[ { ""role"": ""admin_centre"", ""rel"": 76421, ""reltags"": { ""admin_level"": ""9"", ""admin_type:FR"": ""arrondissement municipal"", ""alt_name"": ""Marseille 16"", ""alt_name:fr"": ""Marseille 16"", ""alt_name:oc"": ""Marselha 16"", ""boundary"": ""administrative"", ""name"": ""Marseille 16e Arrondissement"", ""name:br"": ""16vet arondisamant"", ""name:en"": ""16th Arrondissement"", ""name:fr"": ""16e Arrondissement"", ""name:oc"": ""Arrondiment 16n"", ""place"": ""suburb"", ""population"": ""15487"", ""population:date"": ""2021"", ""postal_code"": ""13016"", ""ref:INSEE"": ""13216"", ""source:name:oc"": ""ieo-bdtopoc"", ""source:population"": ""INSEE 2024"", ""type"": ""boundary"", ""wikidata"": ""Q194401"", ""wikipedia"": ""fr:16e arrondissement de Marseille"" } } ]",,,,,,,,,,,,,,,,,,,,,,None,0.0,,,,,,,
node/2492498840,node/2492498840,"[ { ""role"": ""admin_centre"", ""rel"": 76091, ""reltags"": { ""admin_level"": ""9"", ""admin_type:FR"": ""arrondissement municipal"", ""alt_name"": ""Marseille 01"", ""alt_name:fr"": ""Marseille 01"", ""alt_name:oc"": ""Marselha 01"", ""boundary"": ""administrative"", ""name"": ""Marseille 1er Arrondissement"", ""name:br"": ""1añ arondisamant"", ""name:en"": ""1st Arrondissement"", ""name:fr"": ""1er Arrondissement"", ""name:oc"": ""Arrondiment 1r"", ""place"": ""suburb"", ""population"": ""39436"", ""population:date"": ""2021"", ""postal_code"": ""13001"", ""ref:INSEE"": ""13201"", ""source:name:oc"": ""ieo-bdtopoc"", ""source:population"": ""INSEE 2024"", ""type"": ""boundary"", ""wikidata"": ""Q161732"", ""wikipedia"": ""fr:1er arrondissement de Marseille"" } } ]",,,,,,,,,,,,,,,,,,,,,,None,0.0,,,,,,,
node/2492498845,node/2492498845,"[ { ""role"": ""admin_centre"", ""rel"": 76098, ""reltags"": { ""admin_level"": ""9"", ""admin_type:FR"": ""arrondissement municipal"", ""alt_name"": ""Marseille 02"", ""alt_name:fr"": ""Marseille 02"", ""alt_name:oc"": ""Marselha 02"", ""boundary"": ""administrative"", ""name"": ""Marseille 2e Arrondissement"", ""name:br"": ""2l arondisamant"", ""name:en"": ""2nd Arrondissement"", ""name:fr"": ""2e Arrondissement"", ""name:oc"": ""Arrondiment 2d"", ""place"": ""suburb"", ""population"": ""23627"", ""population:date"": ""2021"", ""postal_code"": ""13002"", ""ref:INSEE"": ""13202"", ""source:name:oc"": ""ieo-bdtopoc"", ""source:population"": ""INSEE 2024"", ""type"": ""boundary"", ""wikidata"": ""Q209524"", ""wikipedia"": ""fr:2e arrondissement de Marseille"" } } ]",,,,,,,,,,,,,,,,,,,,,,None,0.0,,,,,,,
node/2492498849,node/2492498849,"[ { ""role"": ""admin_centre"", ""rel"": 76105, ""reltags"": { ""admin_level"": ""9"", ""admin_type:FR"": ""arrondissement municipal"", ""alt_name"": ""Marseille 03"", ""alt_name:fr"": ""Marseille 03"", ""alt_name:oc"": ""Marselha 03"", ""boundary"": ""administrative"", ""name"": ""Marseille 3e Arrondissement"", ""name:br"": ""3e arondisamant"", ""name:en"": ""3rd Arrondissement"", ""name:fr"": ""3e Arrondissement"", ""name:oc"": ""Arrondiment 3n"", ""place"": ""suburb"", ""population"": ""53115"", ""population:date"": ""2021"", ""postal_code"": ""13003"", ""ref:INSEE"": ""13203"", ""source:name:oc"": ""ieo-bdtopoc"", ""source:population"": ""INSEE 2024"", ""type"": ""boundary"", ""wikidata"": ""Q223135"", ""wikipedia"": ""fr:3e arrondissement de Marseille"" } } ]",,,,,,,,,,,,,,,,,,,,,,None,0.0,,,,,,,
node/2492498852,node/2492498852,"[ { ""role"": ""admin_centre"", ""rel"": 76119, ""reltags"": { ""admin_level"": ""9"", ""admin_type:FR"": ""arrondissement municipal"", ""alt_name"": ""Marseille 04"", ""alt_name:fr"": ""Marseille 04"", ""alt_name:oc"": ""Marselha 04"", ""boundary"": ""administrative"", ""name"": ""Marseille 4e Arrondissement"", ""name:br"": ""4e arondisamant"", ""name:en"": ""4th Arrondissement"", ""name:fr"": ""4e Arrondissement"", ""name:oc"": ""Arrondiment 4n"", ""place"": ""suburb"", ""population"": ""50068"", ""population:date"": ""2021"", ""postal_code"": ""13004"", ""ref:INSEE"": ""13204"", ""source:name:oc"": ""ieo-bdtopoc"", ""source:population"": ""INSEE 2024"", ""type"": ""boundary"", ""wikidata"": ""Q230094"", ""wikipedia"": ""fr:4e arrondissement de Marseille"" } } ]",,,,,,,,,,,,,,,,,,,,,,None,0.0,,,,,,,
node/2492498856,node/2492498856,"[ { ""role"": ""admin_centre"", ""rel"": 76178, ""reltags"": { ""admin_level"": ""9"", ""admin_type:FR"": ""arrondissement municipal"", ""alt_name"": ""Marseille 05"", ""alt_name:fr"": ""Marseille 05"", ""alt_name:oc"": ""Marselha 05"", ""boundary"": ""administrative"", ""name"": ""Marseille 5e Arrondissement"", ""name:br"": ""5vet arondisamant"", ""name:en"": ""5th Arrondissement"", ""name:fr"": ""5e Arrondissement"", ""name:oc"": ""Arrondiment 5n"", ""place"": ""suburb"", ""population"": ""45449"", ""population:date"": ""2021"", ""postal_code"": ""13005"", ""ref:INSEE"": ""13205"", ""source:name:oc"": ""ieo-bdtopoc"", ""source:population"": ""INSEE 2024"", ""type"": ""boundary"", ""wikidata"": ""Q238661"", ""wikipedia"": ""fr:5e arrondissement de Marseille"" } } ]",,,,,,,,,,,,,,,,,,,,,,None,0.0,,,,,,,
node/2492498861,node/2492498861,"[ { ""role"": ""admin_centre"", ""rel"": 76190, ""reltags"": { ""admin_level"": ""9"", ""admin_type:FR"": ""arrondissement municipal"", ""alt_name"": ""Marseille 06"", ""alt_name:fr"": ""Marseille 06"", ""alt_name:oc"": ""Marselha 06"", ""boundary"": ""administrative"", ""name"": ""Marseille 6e Arrondissement"", ""name:br"": ""6vet arondisamant"", ""name:en"": ""6th Arrondissement"", ""name:fr"": ""6e Arrondissement"", ""name:oc"": ""Arrondiment 6n"", ""place"": ""suburb"", ""population"": ""39647"", ""population:date"": ""2021"", ""postal_code"": ""13006"", ""ref:INSEE"": ""13206"", ""source:name:oc"": ""ieo-bdtopoc"", ""source:population"": ""INSEE 2024"", ""type"": ""boundary"", ""wikidata"": ""Q245537"", ""wikipedia"": ""fr:6e arrondissement de Marseille"" } } ]",,,,,,,,,,,,,,,,,,,,,,None,0.0,,,,,,,
node/2492498864,node/2492498864,"[ { ""role"": ""admin_centre"", ""rel"": 76217, ""reltags"": { ""admin_level"": ""9"", ""admin_type:FR"": ""arrondissement municipal"", ""alt_name"": ""Marseille 07"", ""alt_name:fr"": ""Marseille 07"", ""alt_name:oc"": ""Marselha 07"", ""boundary"": ""administrative"", ""name"": ""Marseille 7e Arrondissement"", ""name:br"": ""7vet arondisamant"", ""name:en"": ""7th Arrondissement"", ""name:fr"": ""7e Arrondissement"", ""name:oc"": ""Arrondiment 7n"", ""place"": ""suburb"", ""population"": ""34633"", ""population:date"": ""2021"", ""postal_code"": ""13007"", ""ref:INSEE"": ""13207"", ""source:name:oc"": ""ieo-bdtopoc"", ""source:population"": ""INSEE 2024"", ""type"": ""boundary"", ""wikidata"": ""Q259408"", ""wikipedia"": ""fr:7e arrondissement de Marseille"" } } ]",,,,,,,,,,,,,,,,,,,,,,None,0.0,,,,,,,
node/2492498868,node/2492498868,"[ { ""role"": ""admin_centre"", ""rel"": 76282, ""reltags"": { ""admin_level"": ""9"", ""admin_type:FR"": ""arrondissement municipal"", ""alt_name"": ""Marseille 08"", ""alt_name:fr"": ""Marseille 08"", ""alt_name:oc"": ""Marselha 08"", ""boundary"": ""administrative"", ""name"": ""Marseille 8e Arrondissement"", ""name:br"": ""8vet arondisamant"", ""name:en"": ""8th Arrondissement"", ""name:fr"": ""8e Arrondissement"", ""name:oc"": ""Arrondiment 8n"", ""place"": ""suburb"", ""population"": ""82609"", ""population:date"": ""2021"", ""postal_code"": ""13008"", ""ref:INSEE"": ""13208"", ""source:name:oc"": ""ieo-bdtopoc"", ""source:population"": ""INSEE 2024"", ""type"": ""boundary"", ""wikidata"": ""Q270211"", ""wikipedia"": ""fr:8e arrondissement de Marseille"" } } ]",,,,,,,,,,,,,,,,,,,,,,None,0.0,,,,,,,
node/2492498874,node/2492498874,"[ { ""role"": ""admin_centre"", ""rel"": 76337, ""reltags"": { ""admin_level"": ""9"", ""admin_type:FR"": ""arrondissement municipal"", ""alt_name"": ""Marseille 09"", ""alt_name:fr"": ""Marseille 09"", ""alt_name:oc"": ""Marselha 09"", ""boundary"": ""administrative"", ""name"": ""Marseille 9e Arrondissement"", ""name:br"": ""9vet arondisamant"", ""name:en"": ""9th Arrondissement"", ""name:fr"": ""9e Arrondissement"", ""name:oc"": ""Arrondiment 9n"", ""place"": ""suburb"", ""population"": ""77106"", ""population:date"": ""2021"", ""postal_code"": ""13009"", ""ref:INSEE"": ""13209"", ""source:name:oc"": ""ieo-bdtopoc"", ""source:population"": ""INSEE 2024"", ""type"": ""boundary"", ""wikidata"": ""Q275105"", ""wikipedia"": ""fr:9e arrondissement de Marseille"" } } ]",,,,,,,,,,,,,,,,,,,,,,None,0.0,,,,,,,
